temperature,vibration,pressure,humidity,load,rpm,voltage,failure
74.96714153011233,0.6852355095063283,36.99677718293001,47.78361076166638,59.87232587538428,1614.1225994439062,210.46096221061305,0
68.61735698828815,0.8818833280940261,34.62316841456384,34.488142836714665,67.83221993926723,1693.6369321065722,215.69807494610248,1
76.47688538100692,0.22028648523617173,30.29815184960087,31.81801116577693,58.11370118500058,1433.7383233633354,217.93197233289177,0
85.23029856408026,0.6125938473381142,26.76531611147213,39.96625542589048,65.38057705541439,1377.55265309845,229.43843828670094,1
67.65846625276664,0.3698714861756346,33.49111656806795,38.298153774750716,41.59577999569321,1282.9698946884405,222.7827656226688,0
67.6586304305082,0.4025749232470608,31.967426927108747,35.46771950672725,73.19940561059408,1334.9178940042088,213.32259215450054,0
85.79212815507391,0.38152121515222615,34.47596610013866,46.963874474567156,70.01808213043337,2089.8188850617453,222.4301814470882,1
77.67434729152909,0.3272018460640368,33.175859008409844,49.553052085705104,57.74367053397714,1748.9359161473574,212.26348005530818,0
65.30525614065049,0.5097043255889654,35.247763576596675,40.884068862918475,79.88868502648607,1229.7851267583958,225.41345526943536,0
75.42560043585965,0.33380997671779244,27.32382394219716,54.77530081055262,84.06355206439838,1235.508408651286,217.64437674091062,0
65.36582307187538,0.5540913651559678,36.58697032817163,28.58310885866495,45.88660203446538,1596.3732123436982,219.53181905630416,0
65.34270246429743,0.4899523781101726,30.987998023461998,38.06340540720282,58.55912832150679,1609.4529594755934,226.62898323771094,0
72.41962271566034,0.45221039062671803,40.37630436312632,32.831776793971954,58.46286475319053,1609.7767670634728,213.56418215707876,0
50.86719755342202,0.31848726759168045,26.55406090955216,21.3346338292694,55.90145348336703,1449.0088412892605,213.01440907443504,0
52.75082167486967,0.38464573388633344,38.67981901582625,39.17319314157301,82.44212262897622,1474.90914799942,217.08200336826997,0
64.37712470759027,0.6510782451651512,30.989553917313238,38.78252491616716,67.09260791840795,1565.5759048318714,225.19189425509657,0
59.87168879665576,0.6001834375248761,26.74290998192776,55.13449743242131,66.03227738034084,1517.178601258666,212.4032696226158,0
73.14247332595274,0.3044889510402898,27.58057082972839,46.30811684554777,39.9420645338987,1056.139925450493,205.83922200944716,0
60.91975924478789,0.5198664610858452,28.3982634590284,29.75813175670795,79.53127045313839,1454.0400738849612,217.74420570795502,0
55.87696298664709,0.6502774246743578,32.12082973200958,58.54092566334188,51.41112407719791,1329.7187131479373,222.7587039995546,0
84.65648768921554,0.1661189437757256,32.6141774401775,52.21033695525353,70.89898945399493,1535.0422837817025,226.00130874869416,0
67.74223699513465,0.608672038475987,27.131499980307105,45.82097703468616,74.16065406937288,2097.0518005206823,217.684193189573,1
70.67528204687923,0.36747524821083066,29.878227038695087,37.73515901150168,90.40987893757976,1573.4963330948608,217.94286696441998,0
55.75251813786544,0.6141197337186319,40.71135179305932,30.405607632765204,50.367694013213324,1437.2940627655205,225.76950367127873,0
64.55617275474818,0.34734816869149665,38.637715850503554,36.27793223928947,24.707317662687622,1684.3603003954504,210.6512915015229,0
71.10922589709867,0.13902357986709618,32.18161834837016,50.88748619704186,72.75774317130542,1596.5375774418426,218.05739612408496,0
58.490064225776976,0.17449151242336747,30.190017390841,58.84586305934609,97.0076677226628,1584.0188980903683,220.9521194496253,0
73.75698018345672,0.5096169893322764,30.600156633591308,55.43243528272189,88.58419529409156,1621.3701186431342,222.24609360642518,0
63.99361310081195,0.5519445003442964,33.06758986365208,35.11150578213726,73.14489122911938,1911.3087129659084,217.4509665340456,1
67.08306250206724,0.31913667497911824,24.886037174007974,28.803825667109887,62.62545721551929,1273.8223129348169,220.17220505852922,0
63.98293387770603,0.6277184917554748,28.713117312883274,41.40886246911204,82.10683894955966,1594.726415362291,207.55836323293505,0
88.52278184508938,0.16769598754620801,21.657079630612053,22.315606344371485,55.39680700443297,1314.7237740036924,216.70875793833076,1
69.86502775262066,0.4867840402705367,31.996115613026397,43.23167714184781,77.14536654034329,1611.1025292684496,222.26754356277235,0
59.422890710440996,0.2577967600475086,33.2359796985137,38.52397413701331,77.5820523874994,1316.2626977027812,215.0885298287266,0
78.22544912103189,0.36963277843956815,27.58406768850313,35.33963498131758,85.90314861248319,1416.5266372789831,220.294921107948,0
57.791563500289776,0.5094797342632829,37.869933816450164,24.052969327332043,111.39490058366616,1440.9820171524188,222.2343625040135,0
72.08863595004756,0.3279173269432095,23.871171684988294,45.136001065697165,75.88623950768151,1695.1633438689419,218.28725399571118,0
50.403298761202244,0.4230888911540349,22.6781255989509,34.672991603380886,62.36554561438752,1683.6908887884829,220.85231885498285,0
56.71813951101569,0.7012585618428882,31.12225909279986,28.30083164289712,69.61638531712008,1250.856524710723,215.18633717357693,0
71.96861235869123,0.38462162609537026,35.23549151306077,11.277377867183507,43.46386142666323,1510.9868221999698,218.96694360151977,0
77.3846657999541,0.6671384224130283,38.419638457289345,39.724850949493636,59.579303033664125,1358.0840290501656,223.0510808479461,0
71.7136828118997,0.27405862906847633,27.7055786856553,57.72251596669744,63.86076342830344,1248.2990178649331,220.78486480484216,0
68.8435171761176,0.6059608355830566,35.393404167156476,56.6125921454787,62.138674030981115,1456.5965899151258,217.0673436521803,0
66.98896304410711,0.7883137241315801,29.807457652496463,35.429037434137285,72.28532308050583,1438.303442308836,221.12108202145396,0
55.214780096325725,0.0056710999745421264,29.136863500295902,33.97787939638219,57.66370101426699,1985.3432972691044,223.5730489531831,1
62.801557916052914,0.34062094890590466,34.41829968743336,44.68774256075024,86.81546000986707,1586.5919650721391,209.7502936071126,0
65.39361229040213,0.615414425436108,33.261614392067095,30.016145608117085,70.00310597377296,1224.4764998491526,225.7953703247795,0
80.57122226218915,0.4593909227914015,22.118039215078753,43.01791899819466,69.86049518292079,1387.0451991658115,218.31872630659464,0
73.43618289568461,0.5742291746742618,37.38270174862948,47.660802783846904,65.08157925230623,1704.2766590858796,222.12744966620116,0
52.36959844637266,0.3792029626568359,36.90045677073726,52.26933223884308,72.32786025788468,1917.6885545739851,225.98623461822615,1
73.24083969394795,0.51731795749458,26.872186492452354,38.99845923520047,82.37647397001452,1182.8033375524083,213.14163151384767,0
66.14917719583684,0.46886455292158413,31.979017667187044,37.96326249823034,56.9930467643365,1124.015122972191,216.45279498786226,0
63.23077999694041,0.7335564123319614,32.47015093141369,31.220174132434387,60.12825266387115,1874.1930350743564,218.55725652062148,1
76.11676288840867,0.5508841686602426,31.303368829119535,31.7311964596014,65.44410956835003,1577.9228354741808,216.08123239437785,0
80.30999522495951,0.5675205324150404,27.2484742307729,37.73521108098473,49.811936147901775,1326.3414536247267,228.67468287918405,0
79.31280119116198,0.4176246067755065,26.641883160309742,43.67365506816178,57.71113210417754,1606.925817224487,215.71613953086603,0
61.607824767773614,0.4024787551855013,29.872229645042772,49.13584626233249,62.85668689683011,972.8504521966245,217.22226610256567,0
66.90787624148786,0.4134883624360758,35.86364509629682,31.96821049319655,83.11583771069091,1500.675101319432,221.0219451580149,0
73.31263431403563,0.5788904284756594,32.71800077297216,54.92688568959522,73.93841993502888,1565.564234568617,213.98925236961955,0
79.75545127122359,0.41580310383594743,28.14692833956947,37.28876398957431,72.90384867051317,1684.854027907566,218.0215964412187,0
65.2082576215471,0.5579549713792826,33.85849355324172,39.78632705651564,82.76346943251959,1297.2208095414924,221.58726630625088,0
68.14341023336183,0.9150801597290878,15.757286896849623,32.527883208521764,67.93942317400905,1517.1374322806719,218.33569797808744,1
58.93665025993972,0.6742249406863385,35.74382850186052,15.757597397270583,75.85697274893334,1314.9150747880826,219.53306570550026,0
58.037933759193294,0.43479529356643176,21.301431106109504,48.8404539636105,68.45167370601256,1551.0767511348633,217.35333943775814,0
78.12525822394198,0.740242784432789,28.18779529298434,47.36843897092433,73.98043524099442,1320.9307355273952,212.42764845409616,0
83.56240028570824,0.4183849253956897,24.401650526869282,37.18672442881787,61.25862013582627,1418.3798321679558,221.6079660566962,0
69.27989878419666,0.0923750929644292,23.526592621395473,40.66990717224872,33.41774262585356,1300.8369210419542,228.7746653582362,0
80.03532897892023,0.29838273781651914,35.8041339368926,45.15939217704099,67.98581256720544,1630.2272483647314,220.0920081539172,0
73.61636025047635,0.12584161579482883,27.661493993440544,24.374541431134574,91.3412220414991,1671.690223331333,221.12632058623774,0
63.54880245394876,0.42969730319173827,31.73251940865358,34.70947322653705,83.89323103362389,1453.0758860085173,223.4636137755843,0
73.61395605508415,0.5036836758379103,29.76539710560408,47.94264679621827,84.48096226886756,1507.6475989920057,213.6533475172665,0
85.38036566465969,0.8352874624550566,32.385204136115604,27.457105768307507,88.54196082709326,1210.2817170732912,228.51257329064802,1
69.64173960890048,0.5653854747528325,30.384109455301278,42.935579321666296,71.32986386442155,1440.0646703986426,221.011643982114,0
85.64643655814007,0.45617989423822713,23.58503887905715,26.43418195376595,72.95973561108393,1489.959076591651,228.15928449544555,1
43.80254895910255,0.6658811162366979,34.9813340972357,44.66429982433527,60.73522156848475,2024.158618205995,216.33483502238005,1
78.21902504375224,0.05777293819842294,27.531217084193436,39.643585177025166,65.25890715959426,1277.6065948451674,229.09030961278913,0
70.87047068238171,0.5471229116217132,22.217090506701247,23.848681840944906,79.23656724656712,1792.8354477504874,223.87577747017392,0
67.00992649534132,0.6541730387773934,27.859424195170437,51.64739354457171,88.05826655753225,1699.3717546931616,222.7652004292618,0
70.91760776535503,0.2042827508440317,37.503798953171554,32.65408423201951,67.908305864785,1556.1272808980273,221.17012227176573,0
50.124310853991076,0.7287508086413859,34.251108710567465,31.89747562985619,63.24716102722883,1851.7240968390267,218.75735690962776,1
67.80328112162488,0.5676992814988828,28.256739327960705,42.00569197230943,70.00791938284895,1574.4210945213727,226.00265829236938,0
73.57112571511746,0.4169424172198397,28.253711478407855,51.48637349428715,79.01810123393672,1577.8318391335858,220.70179934924025,0
84.77894044741517,0.626556373221257,28.391824743913087,29.84178181021603,48.34217775799687,1489.375869396491,210.16465148206424,0
64.81729781726352,0.9541385715608792,40.383739917804206,40.61679849847972,35.55728570294143,1744.7137764837255,214.414067691465,1
61.91506397106812,0.5363732510116991,31.909677261157768,44.28816500330573,61.74194725762625,1719.2938467621768,219.07077123903628,0
64.98242956415463,0.5496441172600672,32.15020823595535,46.93105607263144,51.689313611287616,1374.8645425007576,221.54999491582777,0
79.15402117702074,0.40812782009195114,35.151417270159214,41.76441555277225,62.37789703529034,1236.1505610802465,219.71705755550053,0
73.28751109659684,0.33003112610704166,31.193945795132567,36.329721609166775,67.78329521773793,1459.4038725208686,226.0948539489683,0
64.70239796232961,0.6660671633088491,28.704789270896484,31.724097793512804,63.2012738646548,1339.9922871204708,210.2444906798069,0
75.13267433113356,0.3287832348182266,29.01825075457511,40.86143883046375,91.78701301706118,1487.295085076929,220.7179396825258,0
70.9707754934804,0.5143132474438785,29.641993702929682,29.278609880143932,74.90117146903481,1747.4876269368278,210.91010387306423,0
79.68644990532889,0.40446851064697664,29.813888817450792,10.786495165053928,74.50711539416243,1408.539668982642,223.79856147742083,0
62.979469061226474,0.5957959651492784,33.6381477181849,44.365598041576675,79.33310716065102,1491.435323737685,219.52770642778998,0
66.72337853402232,0.5667324210573896,30.259729429036497,49.039348410861955,52.917503233288464,1511.604546961679,222.0980498601206,0
66.07891846867842,0.7075079888515798,33.6632003860779,16.370675644581617,85.58667681130403,1669.686176441057,215.68058519705116,0
55.364850518678814,0.3979967202290506,29.59641709945709,29.902692952900622,68.8635357019681,1050.6221332030789,226.39732465828877,0
72.96120277064576,0.44602501294132574,30.393175951580453,46.191542610051975,80.05720925861819,1378.6599410469407,225.20862332029427,0
72.6105527217989,0.3042472568435385,20.00899657733946,60.574954697116986,53.92214150439767,1542.2567384558945,222.91772151505944,0
70.05113456642461,0.4111413479847777,34.581638373512405,40.20793707675408,46.693618509759034,1740.0157912853722,219.3524137656828,0
67.65412866624852,0.5754600986089704,31.732442379489964,32.71997058770866,82.26834487037543,1401.619510498759,222.89928642647567,0
55.84629257949586,0.6513977233290704,34.99005054929826,38.1710355889516,75.64614289146274,1124.6894587916252,216.46553716006326,0
65.79354677234642,0.31556693516447487,15.518723109031553,53.74876419148185,56.46922668463735,1623.9422891932272,224.27777829510356,0
66.57285483473231,0.6739211840211321,40.44187352390364,33.54035820875465,56.95505378087958,1372.9275222348742,228.2474044716196,0
61.97722730778381,0.7711275717609902,29.302051859224132,32.00807993349746,86.88152176622154,1262.0666681819278,225.35305279989592,0
68.3871428833399,0.5826869806447401,35.54091408368758,35.17256477817968,52.15882160699008,1375.1309220573553,216.35198765096294,0
74.04050856814538,0.8753591625116133,24.800470364372345,30.466713917412875,94.64009429883944,1463.0949284688302,221.80708658636553,1
88.8618590121053,0.3452421601792854,33.063869525312846,41.22670315994795,56.49068898028197,1379.0510670923575,213.53429228120677,1
71.74577812831839,0.2510690593377166,24.73292218413172,56.246784584695604,79.57587888412574,1058.8867885801862,222.8619515558784,0
72.57550390722764,0.14425595021914428,26.881155196520975,43.23079273116029,65.07072286376523,1679.4132393774264,222.2530170643127,0
69.25554084233833,0.7992088622978366,39.570156769333934,37.47646497873713,79.04781146623515,1754.9750082557443,210.6509183023392,0
50.812287847009586,0.6308731312708116,29.046587996183266,37.08188731084456,61.838289968287114,1630.3043982679012,214.19108078043817,0
69.73486124550783,0.48888306581790897,31.087164365898616,24.36809191303343,67.55810640891559,1272.4628659150367,218.58430551628118,0
70.60230209941027,0.5559937252639641,34.35033865344377,48.83109777147159,70.61378763093582,1459.7016932104964,218.49570126429586,0
94.63242112485287,0.2749021905403247,32.47840943986302,39.22162802987198,54.96718816327791,1498.6957369541085,213.95261532290598,1
68.07639035218878,0.9891503959233653,30.752094525717883,38.19520086409374,81.11236518130188,1619.758877912382,221.94489364676093,1
73.01547342333612,0.5258442363950455,31.824805012331126,71.93107567844861,62.30179650292622,1633.6680977436163,221.25736804470256,0
69.65288230294756,0.5218789589209786,42.01707792619138,42.98752908365686,66.57100126989972,1353.1652402443008,219.0286543401074,0
58.31321962380468,0.6451533247797384,29.711906014832074,32.48208949904816,55.08475938087231,1516.399111282712,216.22104249920818,0
81.4282281451502,0.5962018463473426,31.005495233574837,35.736424037944566,31.564995118070343,1591.4560809230481,225.24353563208282,0
77.51933032686775,0.5447768048558262,35.25327198003806,51.48445709196755,67.13458356099747,1791.1644644293533,228.27703556544148,0
77.91031947043047,0.3419051089109376,35.52762966478992,41.13270410537764,106.18923132419374,1640.9013079649446,217.58219258076733,0
60.906125452052606,0.5942936714271991,35.9351515278019,25.617220216826333,81.76906431847036,1657.8113374751038,216.9391654142259,0
84.02794310936099,0.8764048992950068,33.19365111014592,49.19228934575204,69.71109430398408,1516.7653255858722,222.45603832705999,1
55.98148937207719,0.7690840092309956,24.284975436347583,33.31855914461006,66.05663756187599,1782.0918290407008,218.20985310126508,0
75.8685709380027,0.8186373253278794,38.16715766150548,58.73297776217545,70.3369883921807,1581.9525591918996,219.30301399668383,1
91.90455625809979,0.397756864713763,24.26827303490656,50.80048065714649,78.20678672762816,1327.782417965286,223.69826575862336,1
60.09463674869312,0.3020790359482838,31.513177326195166,35.52678104341249,52.28780777036732,1780.6739940250382,210.45321956246354,0
64.33702270397228,0.4748426159800704,26.22862074990321,52.81016361735113,86.71482542003308,1639.5806545078055,226.59151162426335,0
70.99651365087641,0.5111449824577389,29.679308267035037,40.678555105274036,80.73071973161866,1411.3911957743035,220.3634026216467,0
64.965243458838,0.7188383036941897,31.6438120515174,48.52773675122219,80.77278588561902,1404.1014065201514,217.9425342771891,0
54.493365689338674,0.16150707405703613,31.606786077251364,44.84732817294475,76.57713608214591,1559.3151090281524,219.55382922889277,0
70.68562974806028,0.8059100638921228,32.109603771176424,31.536433450091266,70.29424986540985,1592.6369590535169,219.8121467751026,1
59.37696286273895,0.4683984202842021,38.06855634529323,33.56450167682538,80.09291853950229,1539.4584531262412,211.34399348277537,0
74.73592430635182,0.41462378601051597,32.2676715075699,50.29960817581161,78.87721200612067,1562.261734688577,227.47469113726618,0
60.80575765766197,0.29757912494796646,28.779216823546758,36.65224667893459,64.68938933588464,1839.991474915276,220.20662816135308,1
85.4993440501754,0.1690286656268461,34.820435841441785,35.96351536758003,61.39597340654649,1714.308630446977,222.21501065223688,1
62.16746707663763,0.6646341167923829,35.947352444623206,30.44877420650647,71.5278444289298,1538.127118253005,224.7577488528702,0
66.77938483794324,0.5146635934376808,23.86196092431504,44.235990655934614,93.23530227242782,1688.2621161534967,214.8941877121985,0
78.1351721736967,0.24200782005178922,32.98700034924929,60.625249192431454,51.41339386519149,1293.495219294492,222.36735949517615,0
57.69135683566045,0.24098424558727677,33.50586371155449,29.32467085745727,47.9871210137134,1579.5854099893618,218.66179454550604,0
72.2745993460413,0.4328430601419744,28.51218248320004,40.24219456672758,72.47141261854775,1861.861269946622,224.23385387608246,1
83.07142754282428,0.8338043050578786,36.878534066558096,54.12220555415429,70.76331552784028,1456.3908209215251,209.36386289824253,1
53.92516765438772,0.44808172972727905,29.249722064837368,39.203586087542845,72.60012496555612,1330.473214276183,219.50452849879366,0
71.84633858532304,0.19937140937637876,30.627882267357712,44.52371796249734,73.6592979686275,1369.5822222813879,216.9858967210802,0
72.59882794248423,0.45085138718281115,29.13464087858065,29.376064718531204,66.65196618047793,1282.0733925315224,222.16131475317079,0
77.81822871777311,0.4454552860504659,30.077895237907338,44.28307097207649,92.34795157903123,1343.0476183744593,222.350220936841,0
57.63049289121918,-0.03937732858831433,24.518624565523993,38.12855734995451,45.98644032285227,1425.8983802819942,216.46187052588988,0
56.795433869157236,0.48914102669643755,22.79974558702853,49.85729995679863,57.57254462829631,1218.8865961642716,216.43913067911978,0
75.21941565616898,0.4538130939582644,37.97252531612486,51.87386051564751,68.45117859776428,1503.1236667899207,219.44667315721335,0
72.96984673233186,0.6392412729626837,25.76519325840836,65.89563642018614,45.35216783268749,1680.4554347573294,215.51678886342395,0
72.50492850345877,0.8697912189890691,25.043038252718464,45.796331732135755,67.36218393351893,1318.4487639706158,224.20991847726063,1
73.46448209496975,0.7253130059095515,19.233049431981428,43.257963165821664,94.92205248592028,1803.856784728354,218.15396399776276,1
63.19975278421509,0.4462222618890339,26.805191261552487,41.94384301577336,70.31329732443943,1602.158417705519,205.4650589033918,0
72.32253697161003,0.2786948182516659,23.38455103296251,36.46833707189312,73.46051358578025,1706.1161171248114,218.12588971689098,0
72.93072473298682,1.0146719606499721,38.21007580068185,43.38483843461691,51.097528522411295,1368.4330892295725,214.80728089578014,1
62.85648581973632,0.5118436868028976,35.04908544671317,37.04598589860971,60.75457887940784,1670.905045413323,211.84362092269527,0
88.65774511144757,0.5027858583825893,26.559248274111383,41.68460976269614,64.37205429514094,1281.6132199209374,213.81286680888715,1
74.73832920911788,0.49517498257799936,41.26217902672154,53.1759753560796,65.23427354865649,1678.0495001673016,220.54704235916486,0
58.08696502797351,0.539616952153571,34.90882743495797,29.934574347203586,89.22465692505654,1534.3678679587063,226.64320414124114,0
76.5655360863383,0.4711279176152115,28.37584308245689,51.39878561129045,78.36536591087687,1610.6502439969568,221.5659223693249,0
60.253183297726785,0.38526759862395277,17.502971425632133,53.17115067339866,53.32813064594452,1264.8810788750297,216.9674830589213,0
77.87084603742451,0.3906282117519216,41.45471286295371,38.81931473008921,73.69757167648007,1320.986031544679,222.2795209758535,0
81.58595579007404,0.49344934595680034,23.05213766618202,18.781451009914054,77.47332622745178,1619.4456436506769,217.70454844890503,0
61.7931768164829,0.391315045773247,21.773006265215542,33.921780129055676,87.102235577819,1310.3303991551597,216.52699815418427,0
79.63376129244321,0.3574308434645671,35.1128521600482,52.96994546561109,93.70811029852561,1592.6412584198247,214.22818665883509,0
74.12780926936499,0.5212860455383793,42.19876203169636,39.77131937701118,54.77358712258197,1226.5724387079508,211.2408559662414,0
78.2206015999449,0.44900455651582893,36.921364092552594,30.00697767705089,57.83713733184493,1669.6348425333335,218.05038146720278,0
88.96792982653947,0.8007985977165377,32.8195456002618,34.95225078771782,51.136332116280755,1253.4953370462981,220.79026744960066,1
67.5461188399713,-0.030193961678602443,32.97377170832643,48.40620026504553,66.48970211339528,1610.4599875359047,219.51688164992555,0
62.4626383564251,0.7183013703844924,34.267077793901535,45.4673356820138,76.99537561669501,1625.1261867292,217.9201653602632,0
61.10485570374477,0.7492170384995258,33.79464294893383,37.61067900830306,84.81001774883653,1360.645636314085,215.2712696965161,0
61.841897150345616,0.08532195351837008,31.405957119846878,36.33175588185313,68.86073464536216,1616.4053134169453,223.04123095842485,0
69.22898290585896,0.43146248118393027,30.52100551975938,36.08241850956178,65.20228715117734,1552.0884526667112,213.41434040026706,0
73.41151974816644,0.4257118268008417,29.687034360502388,30.775898155014975,72.2763698837311,1392.2316287614524,223.88013956921736,0
72.7669079933002,0.21849766105643575,26.23017705566662,56.15375689469442,57.472856475549655,1298.2890631847583,214.98891490536639,0
78.27183249036024,0.3444366624818249,28.59662461566613,36.7767953078866,101.3430808254216,1107.4748616654842,216.23782381323483,0
70.13001891877907,0.27788483090683425,21.535215929023074,52.17158520825497,45.885084593229124,1569.9300094599387,212.6660740469216,0
84.53534077157317,0.8504540886847245,29.50830186602625,55.213160519224516,72.77110868343587,1187.039445727589,217.49298926557182,1
67.35343166762044,0.6871356786294922,25.057044464245415,49.9831089814796,100.35409328844459,1519.0688398882617,224.8765622923899,0
97.20169166589619,0.7543110189988318,24.482053413921143,35.683796872819514,70.10199766839996,1447.31035678355,222.5781404422198,1
76.25667347765007,0.644334412808647,30.899470755767393,44.037300903366095,67.14941447497759,1635.8285550876392,224.89211056014017,0
61.42842443583717,0.27418964575655413,36.960011431723,39.758043936090836,64.6383186578436,1439.5909001020273,222.61071272966967,0
59.29107501938888,0.39509594674404525,34.59158303001156,30.96298139269872,67.29412477356388,1434.1104427305818,214.48165085734814,0
74.82472415243186,0.5978749122455836,22.147496981884114,43.24359281721603,90.59272712014796,1646.374140857659,218.34605387836223,0
67.7653721467415,0.2555744382216109,25.051859317148313,28.209602088401976,36.8220713300574,1567.0116058168235,216.0990043544127,0
77.14000494092092,0.6425996860344776,34.70385593994108,51.87679388461564,93.00150551944489,1563.2311914365557,226.6528745201952,0
74.73237624573545,0.451934920368373,25.087563032308452,35.35382702701607,48.64064271324783,1593.8535179617052,214.01605676786843,0
69.27171087343127,0.4250358384900805,28.876834250014877,42.01159655872839,66.00021506148377,1192.8855753585788,224.46848844694554,0
61.532062819315954,0.6421919936406983,32.75026049512276,42.83287871546142,63.56133369552008,1651.3577359973965,224.46476935054383,0
54.851527753141355,0.5888526622972079,25.158277725681824,37.410950262959226,78.8282990465608,1622.4937588027205,229.14810100858043,0
65.53485047932979,0.427806766836184,30.5268775307298,45.86693801475275,46.02813472174378,1296.6633742847005,217.9515670368525,0
78.56398794323472,0.7318659606728496,23.329872525408977,35.25096343377476,76.93258999122914,1451.1839052651596,223.5616107979008,0
72.14093744130204,0.2837873344800205,26.99316178024393,48.71297297457244,100.36464434930278,1492.1385424744738,231.40825918269422,0
57.542612212880115,0.6231871213888528,31.598909670712686,26.540203197532513,49.55238993110784,1473.1006431196536,216.9117916153315,0
71.73180925851182,0.6186202515936767,22.035031332341653,41.26379579546412,72.84559251415594,1566.7719933137068,212.3247987623382,0
73.85317379728836,0.43809071213720197,32.202373689801995,59.389289990582846,60.070267333050865,1786.2733563662368,210.59994983046118,0
61.16142563798867,0.5652266044484235,29.901811005366593,29.996686753944253,76.38830809289554,1716.3533455345657,223.56356014430665,0
71.53725105945527,0.24977728472293942,32.76244977208574,33.222550294751485,70.28721666123629,1237.5561613137188,210.58424895970708,0
70.58208718446,0.6848054038413802,31.119570670323306,45.13907849658915,60.37769636433536,1624.4139980612097,218.1384047353104,0
58.57029702169377,0.4630195727114022,36.82070214986922,41.79581781939598,77.3180842730661,1765.786663907082,222.1865659351948,0
73.57787360348283,0.3954553958961921,30.626122513239537,43.50630099273559,97.06522164680115,1577.3617041378404,220.92587768414958,0
75.60784526368235,0.7098018451673779,27.852972294373735,44.891871301476634,67.13644312409052,1718.1960850371934,222.12722432092087,0
80.83051243175277,0.3591312618914482,30.611487515161418,46.3472146856177,80.79636913222274,1902.454089140153,221.11144927900426,1
80.53802052034902,0.21830774072728804,32.716490145181936,51.09699841956223,50.60090563193255,1704.7419092213963,226.39432906656697,0
56.22330632042909,0.18867416529521924,30.24430035162852,44.098186569285126,55.65345434772987,1549.8617191283458,215.23841809630602,0
60.62174960084877,0.6212019902691279,30.202958456019413,37.58742345381457,77.08609416820566,1709.0176948169508,216.61502430770733,0
75.1503526720866,0.24391412950074337,26.490041560966223,46.72573701202731,92.26174042803947,1528.9775666193782,216.13670277364588,0
75.1378595091221,0.850958836396873,26.68549541224526,58.99881934895215,75.3342002317849,1504.780608656991,224.15095905931304,1
75.15047686306048,0.08361411842325556,22.986973641001534,38.67366253617426,65.30412954215268,1429.7171528572535,224.50199294197532,0
108.52731490654722,0.8392912736580076,38.7478837159347,30.254706953293585,69.98937108135031,1812.6826717664217,222.25612659659254,1
75.70890510693167,0.5422034934405237,23.780683823043574,51.07080669286972,51.243883990454236,1336.3142668115997,225.91746833444964,0
81.35565640180599,0.48065737762592153,26.53547401102046,38.796188360464015,79.0677298953305,1806.473544935623,214.1097956631181,1
79.54001763493203,0.39101618263821003,26.40796367215401,18.273304539859637,83.23499593485114,1599.9728247480743,228.3361205577557,0
76.51391251305797,0.5798272228704142,34.474621884722204,48.47421677150422,63.218645007503795,1220.1387650396118,227.61619310856128,0
66.84730755359655,0.49247305951503034,28.52525160853986,34.64671814046077,62.94936778360748,1573.5298585982844,223.67810998622872,0
77.58969220493267,0.7206603764033043,36.23871036336867,39.094667176958396,73.98817344478073,1079.9946984696753,228.9089945438553,0
62.27174785462428,0.5228455297324079,26.63254687878066,43.319803305690144,63.44920395939107,1625.1016033662072,211.71688396161113,0
67.63181393259991,0.5300603522923755,31.39497081111901,41.904996797790666,69.00801078061266,1677.0462965977981,217.37775931868674,0
65.14636452170896,0.42727755755722885,25.823264733701215,47.0945181713904,101.49582683749773,1381.5288088695893,216.32348269659025,0
70.81874139386322,0.4886108752557865,40.72574563886694,35.645136294301565,66.29461448881005,1524.7095391911164,223.6073966187867,0
93.14658566673509,0.5615603537784118,24.062007904852436,45.131057981760826,64.62489771968167,1890.8314867500571,214.74929630198926,1
51.32734807408252,0.15796632146867484,31.549103551135136,37.40453322416083,60.286872915472614,1398.8506591476128,223.78747574668742,0
76.86260190374513,0.2303629155788574,33.168884404660496,47.38810480887503,81.16287957249905,1288.21848258868,226.85268071998357,0
53.87284128810349,0.6486528188045431,32.06899548725749,46.153674840130535,67.28163740172846,1796.3326804925198,223.47601450042,0
65.28068134210567,0.5341730876255883,29.073561705611457,30.645612979554045,60.25940442517861,1892.517438106159,221.4187551183075,1
80.88950596967366,0.4632033327294642,29.35089650133287,50.85982116175032,89.81956048409518,1500.7391343695695,215.06063329549625,0
70.64280019095463,0.5036867866130786,30.219057359895547,34.64036554885952,91.29404506770456,1702.2926070816711,215.7657451693732,0
59.22255222070694,0.5695163410723342,29.264989991857558,48.08057798281145,60.99364651391942,1768.2951831061762,226.24809452648333,0
62.84696290740032,0.3920480639381277,34.81939558397455,43.67287313401341,42.00190072959076,1351.5031534923232,223.89674501952666,0
76.79597748934675,0.3443390549195374,41.05261500795676,58.38183676795123,85.11270534755383,1402.9388329264264,219.80490240311227,0
62.69633368282864,0.5391690510195363,27.212541074960832,37.76534017628148,59.73055261359994,1746.174902630947,217.91045227117056,0
72.16458589581976,0.3043254444769936,23.150985102104613,36.506832038818025,81.85938398744153,1837.0028557417018,209.87096063444312,1
70.45571839903813,0.5816505511428944,29.558589758243727,39.805803941122676,40.44844273432247,1612.576172034871,214.6457379065778,0
63.483996523941826,0.15948327915243188,42.898546688271594,36.968202171657246,83.38896007448963,1324.0371292995892,229.5570954356986,0
91.43944089325325,0.7058311274651288,25.981627160151348,47.9994190194205,51.83242106078828,1897.412222339888,213.59772214498767,1
76.33919022318011,0.5945194964826086,38.195584027220335,23.83689391563412,80.96146178599787,1393.805820437607,220.9473991061054,0
49.74857413342393,0.5512059468627751,38.388504070382204,29.46317580853646,70.21409601754651,1432.9724437657096,225.037219865976,0
71.86454314769428,0.6965381967891028,27.232058791460027,29.32197078420807,55.690908709050326,1568.4675668979244,213.72538665998854,0
63.38213535231612,0.8330948888925154,32.84491539592638,49.50307591973576,63.894455306098294,1810.832084142955,220.9235523739054,1
78.52433334796224,0.7028740130036261,38.14198311564269,57.10613372581925,80.29477685435052,1670.7951953104448,224.68957768755328,0
62.07479261567299,0.13182515373367093,28.104361295062564,38.955507814625285,71.58841679672851,1582.973100072382,220.06249660953625,0
68.85263558533102,0.2440846066528597,28.982098199488192,38.311782768099896,78.76619470708727,1592.6577060236214,234.34201527833383,0
75.04987278980457,0.37503628446086423,27.09159543025678,40.700521631131814,99.64660876773229,1508.7029337286933,211.65700370560901,0
78.65755194170121,0.5052182100421667,24.926216346535668,51.61878302608191,46.53637582433423,1611.6279029037012,225.29364264941938,0
57.997035929442234,0.6035318040938247,26.753612274669965,30.72646865809426,94.25818862452937,994.0879844611394,219.13599131301768,0
66.65498764159051,0.3548512373693069,23.880298666188718,42.38368982734785,71.5653390628482,1440.6785081860403,223.85960077418338,0
65.25054688839043,0.5373533528954156,30.17041734129613,49.7519762978243,56.51823927515308,1548.2643869833562,222.20653575849622,0
63.46670767426288,0.3489234135293355,26.15013384470679,45.01094169939845,50.04529561391515,1269.7971832760986,216.33421901445,0
87.65454240281096,0.37769643940161035,31.16892955895374,41.89581616598743,67.1631941383445,1577.264663562312,221.1449819622967,1
74.04981710960955,0.21866778063035552,22.220521768981865,50.01046092567141,83.82475167886689,1459.1057558027758,210.71049274300856,0
57.391160456649544,0.3153533507778191,31.654401161072286,12.967677070007628,68.08676319433698,1851.095139663098,223.01623750285697,1
79.17861947054776,0.22966307887673326,34.16764480804462,46.77875319530908,92.66732395371021,1814.6039450429712,221.49079232995263,1
91.22156197012633,0.30482534940453343,20.031321787142723,33.45924316872576,48.23236464922662,1406.8388861763674,223.19330084321552,1
80.32465260551147,0.7107283593215679,31.87028284923786,21.693671031435432,69.81866578230918,1469.832457686661,225.29059162543575,0
54.80630034045987,0.31012022223361135,36.13834496236646,45.11202599524981,51.214098333803214,1485.2104868783215,221.83809920104855,0
65.15765927133748,1.0264764129674782,23.951794906543974,53.73658545162958,75.45447823937452,1409.6681047680754,220.74044709899138,1
82.66911149186623,0.5986635801761778,38.362861934188516,38.62551485372308,83.3033108514595,1539.0049968056253,215.59465831669354,0
62.92330534381219,0.5369672247389747,32.095095046830224,49.528745472029385,63.6885730947842,1348.343586222482,216.43889618175476,0
74.43819428146229,0.32832844396375727,26.474940721207957,56.122782579886454,30.936792150592986,1273.8769330124946,225.93367310088666,0
77.74634053429337,0.6400619758817983,29.72115461171147,53.14914453584048,72.98422220194742,1624.5422447800538,227.1816770285299,0
60.730695284219166,0.3848724347524452,32.791634562608614,56.39964529371393,76.55107827600264,1625.905916844362,218.80944781843974,0
69.404746439382,0.5244019629290723,30.380026957062057,47.42127491071892,76.06442132442547,1339.1368480680017,220.23001373626636,0
37.58732659930927,1.0120169076537588,32.693779962231844,40.754336389015926,88.53673287733231,1679.07108615252,215.47692812503118,1
59.756123586657104,0.48078802005507004,25.39663203460317,23.980341881028316,53.93419480526427,1373.6844541669336,225.86378422633723,0
67.4743184860684,0.7298546652571352,30.84680412018039,37.53937511870051,80.20324158175674,1550.6330476075962,223.32708411845888,0
57.52216818035151,0.3593647149748225,22.9314275154751,31.567534046838084,87.88761268716962,1664.0688025224913,229.70608718231875,0
86.32411303931636,0.4930023019006077,29.4438696932565,61.70942717497814,43.32118623990225,1493.2774870592575,215.6083846141013,1
55.69858622039367,0.854160127127102,25.480461792676053,38.24114187567663,74.79477738878465,1590.9481824282268,218.1099605049089,1
65.59955513303017,0.37460658844244654,26.322350287051165,41.23204806784486,62.43730253488493,1396.7140712224857,221.15722961262787,0
71.30740577286092,0.8624897115993857,36.18046587605219,45.51485376040468,68.77715990347531,1460.7066833143806,223.23244768862887,1
84.41273289066116,0.6415503870910951,35.45655060297135,40.436024463724536,75.21514725307505,1458.828113823932,218.92166181226185,0
55.6413784882056,0.3875066448211465,33.045690604535885,56.95051040430753,62.691571538296714,1350.6843306919523,215.6351945477315,0
81.63163752154959,0.6264815478111042,24.538436176637106,33.77350638265548,59.86437881257582,1464.6451673768436,224.40703764461784,0
70.10233061019586,0.694510889925346,28.41795775152599,41.94607455237243,70.51228626232037,1190.2763402272508,223.60567681272792,0
60.18491348952049,0.6243619924434393,36.06548849989592,32.57529414301952,53.69131091705796,1401.769250571579,215.41862949718137,0
74.6210347426327,0.1859550560219087,30.708584568199523,26.799774887792942,53.712623066722216,1443.024901326066,226.77721400552747,0
71.9905969557347,0.3545725648350263,41.59664769990847,33.882309090947146,80.19059924434755,1448.7640495009239,225.85099354598302,0
63.99783122841205,0.45049627288969907,31.96658919697186,39.62963202951588,52.76808947262016,1451.7005108258443,220.67148248623897,0
70.69802084990019,0.48511331417999076,30.960245582450156,35.7069777548274,79.99468751363818,1487.6471600279742,220.3979893118802,0
66.14686403138239,0.6241344195101356,28.454417678987493,33.07579020126144,76.93886939280927,1595.8883036172128,222.77028885557954,0
71.13517345251248,0.5355402001866507,30.66770452391141,25.936825363281663,44.11289906814105,1674.9034148265046,215.6914846487187,0
76.62130674521046,0.23293112825797974,29.23765081809728,39.16894427371305,59.83653021496517,1370.0469546303466,220.1501573958204,0
85.86016816145352,0.5760395702011927,33.54054338344295,24.952796259689975,87.91164104571058,1259.3598289221711,209.2380822769541,1
57.62184501173151,0.6221171490567646,34.783511583972924,47.60055963689602,55.28251703290478,1291.5911175513793,224.3822782275147,0
91.33033374656267,0.611958089586208,26.070052697460252,40.824397529345035,63.033936065359185,1402.5594157610146,212.19253388779072,1
50.47912200477498,0.7161561451109244,23.34383523221111,25.424485005350697,76.93091339877844,1429.6157364366982,227.51709914214499,0
68.48214904964416,0.6667844309097808,20.818973134483517,36.907909229501364,81.75085763923893,1346.0007867605086,218.34939953016774,0
75.88317206484577,0.5918360158456873,32.53995663456272,32.478435944094166,66.22691670933257,1240.7766671500212,218.94166509034412,0
72.80991867735032,0.4859668577082706,24.483166969130632,43.1917451041918,61.03734707962538,1408.7758345051623,216.86133046957747,0
63.77300480179406,0.16780781329680172,19.235547035237587,53.40450446023144,91.33554792547761,1536.2853240227942,218.5598056303896,0
67.91877749642725,0.5859236438265172,31.942893022654822,21.248275303542556,96.08349495696368,1619.0058931671128,227.09265672574017,0
65.06999065341168,0.5415375374326222,42.46499758716395,41.150260791474174,84.68287076172693,1388.5153893783358,207.56095671732461,0
64.10635243055789,0.5543157674390747,29.969645442300532,38.398672044333594,71.27977213847537,1417.4004355713132,226.38482693044094,0
78.49602097021025,0.2446502848359381,34.19245387225821,46.713400764504655,57.8760141753861,1314.660338230538,221.69011740550854,0
73.57015485965047,0.28378869191834755,30.409146792737825,42.131966282376894,57.54333390165152,1493.7121659250447,213.96489176071393,0
63.070904047393455,0.7106305706665808,29.505551734044285,32.48030668261181,77.83771157898636,1330.314273161837,214.6234380347538,0
78.9959987543325,0.492088969228669,34.59538241493884,36.80946064333382,76.27597331333025,1614.62556264824,228.381965136041,0
73.07299520876609,0.6363001394745249,28.548627279056742,32.03974143196511,91.02397889419645,1142.8267016131776,215.27246560028635,0
78.1286211883896,0.5056636752260922,31.336961570359513,50.76007138598598,79.75675138804209,1428.0740655095076,214.2332474470202,0
76.29628841923612,0.505951227899149,31.608489030980067,40.21311648671942,47.45379547360273,1560.2214678383484,225.68657271182366,0
61.710049890779274,0.6876567611951996,26.659547731784755,59.01190685753008,85.77921426584378,1536.7669032645008,221.69276438142958,0
64.3981895980303,0.39679105435652523,34.960211747682614,39.39339186185379,55.02909059028381,2038.6067327960993,215.310372117318,1
77.47293605123262,0.5192241553881967,29.125201216522957,32.91593233089537,64.24043092071473,1569.9600049135815,221.0831248770231,0
76.10370265433465,0.4075449422589915,26.221274202535778,24.86285607387173,73.75300309377542,1299.189080631598,214.87123658179863,0
69.79098406035853,0.4131007545135369,32.68254921785202,21.96860323744055,99.93501234675946,1480.9071505821853,225.50410699211304,0
71.17327383308782,0.4381655753062721,25.507660091044812,24.158640569945103,116.64877834008041,1144.7507333067097,225.30685482436567,0
82.77664895788425,0.5444267543267426,30.140905786845643,42.67126651011483,79.10084588704274,1483.8800501406479,222.66003099410972,0
64.0842861116417,0.40425027566730454,29.95440501677898,45.08725023229934,67.25205071919419,1333.3887885998483,221.80830530623507,0
75.47097381170038,0.7511512251147041,35.42947782915789,24.188092979678665,78.01758472720826,1683.0780551120324,228.80594062433687,0
67.97807347566106,0.3210785395560992,32.373491164399766,48.950383140761154,83.31483138810754,1390.091945080893,219.99843163694112,0
67.82318796772779,0.4626256711677282,29.87486520627428,35.1693894831656,65.18998561664212,1476.6468168409506,214.090629372896,0
80.9877685198719,0.41205378834516504,34.08883149600143,41.467930119855495,96.92817033868484,1372.8884317191194,222.24736956416154,0
78.2541634898803,0.7893955768707466,36.951037745086566,56.122206282554245,73.45106138787104,1847.7702703706664,230.43023524768557,1
78.13509636000639,0.539310955302315,32.78905153175931,48.96839315865532,77.46614633637091,1435.7514467764177,214.92620253407074,0
83.05478807154329,0.706368907893727,30.051763099216902,37.314693520941674,79.98886378081693,1866.5114086958404,218.19268616653008,1
70.21003841632759,0.20288792539260558,23.4408188382492,31.088077745847126,76.32379915921683,1662.8303524236533,222.08223019050726,0
76.81952971294965,0.5534100531738517,24.674431684623137,18.48184598670695,82.58410750704418,1596.4133454670773,219.7304757549713,0
66.89733243406543,0.6779261591246875,28.47387647822666,32.8084668075758,60.741202201796156,1573.746629463504,215.08848209811342,0
73.24166352488442,0.5164567978550848,26.952438989203586,37.88869761172305,61.62547369080954,1578.7594596432502,225.60928928115234,0
68.69856945632316,0.7130960750130703,29.06514348507277,30.12820472848816,53.497686505424575,1114.465484130878,231.60020361008628,0
70.96995964992718,0.39654230997992557,30.283249624485535,38.68743032907695,76.59251845930339,1444.2233211698488,220.98065729511953,0
75.95157025436913,0.781869488037116,32.64846377178365,40.768518829587684,81.6840475526817,1669.0315942368643,215.47965855132,0
61.81779316766527,0.9597796247238501,29.647506109704544,37.751440181919214,76.86659299227829,1490.220563305179,212.25519737473263,1
90.9238727568546,0.42743228791206817,32.43250821913101,33.4999741917654,95.11738650021306,1218.9620306392849,221.2898799061059,1
59.93982618500298,0.41089949571984563,30.3223720740506,41.68654671966728,69.9160597175643,1489.5191098845062,225.5193867165813,0
57.85811387212268,0.7906768954235401,20.12266716823064,44.41940649569409,80.03112483388769,1840.8211032510983,222.37583873247692,1
81.58110873500068,0.8159144291461424,25.303323030906228,29.09600922557154,53.624486857910284,1749.378343106944,219.98798079540572,1
77.91662693962935,0.39542799456934635,29.279562221391924,54.1093237974627,64.19350446288398,1487.5991981267937,217.05364174105347,0
76.24119817052156,0.41596263658082855,23.95152628579446,39.014118677157384,80.43306636348666,1690.2898554116173,214.53918183640954,0
76.2834550926428,0.44364307822789856,32.999643649981024,40.188496229448475,82.73653166114715,1426.6985959263895,224.1737566316244,0
69.87753227153085,0.23110989779314456,37.65375416171849,47.08214423256557,65.59049578503726,1159.225682634656,224.56885810692793,0
61.02745628514168,0.31626961070316034,36.09380925848659,42.332161312635016,68.92601122212899,1315.106802374089,212.27135106654634,0
70.75804558193727,0.2991718466495864,28.93278564534896,49.53136633913245,47.231893799787855,1812.5777537016395,227.9491948909034,1
63.22838288487888,0.3464404869791743,37.45363068424976,42.87124165201824,64.64456198790086,1445.2013836341391,222.87035610447,0
79.7511973341775,0.4930630225226438,30.743337286010558,33.87562625359562,83.35574745279679,1451.3232041249964,226.99797322572897,0
68.52942618497862,0.5468429465073041,28.314570144409803,43.61503525206102,78.6280752415985,1440.0323607450239,213.28936125757443,0
61.745028032074885,0.8101000985628154,26.9329866822953,28.562737926793382,77.50998582071814,1880.8273179146013,213.1708792229228,1
66.78614158347007,0.30032919185224183,28.487651567559357,41.085597057765234,70.7466053077144,1825.1917830724126,219.25515345116352,1
74.12931454275625,0.6968644796953167,28.059115907293858,39.66770009355539,70.10594737942264,1943.7560466896268,222.51392213447596,1
64.36275447196026,0.4572022311548982,30.85208111187744,37.918831427274604,60.09518290789829,1468.1909579199898,228.98180411463483,0
61.77779604433569,0.4901072580695134,30.802869905249324,38.71462488561069,80.48242630303803,1559.124897749419,223.53039456907567,0
72.43687211491913,0.6349638984333208,30.015230100767074,21.18150954502361,76.31459416584084,1196.6714901158418,218.78659361593984,0
72.44966571108722,0.2754555956875403,32.18469084873175,34.512750922590385,77.380282719892,1795.3868852236549,214.86815396167054,0
64.9305682462887,0.5764819492368101,35.95323137393171,40.928449011411146,62.10947735998629,1266.444089746413,226.15000286359574,0
65.28961694381677,0.5332904416426112,34.74777067720662,41.598563919974005,37.69985620193133,1543.3551127525259,215.17647287124643,0
72.32049937357637,0.5984902528016298,22.575510157750482,29.72324859074042,86.45729067630543,1280.5394944734312,228.1423427738616,0
55.51915658502676,0.5578337287815636,17.230394325490224,52.65707840864701,62.81743815987394,1382.2266346522608,218.57807675196744,0
55.92536225623445,0.9910600279821788,34.67159955619637,31.338251517854992,57.058363539353195,1332.5475137900598,227.95291036308925,1
62.81555778747564,0.3724520031497368,23.165606507922895,49.69457200526737,80.4021836787099,1378.4249478648364,223.3946564502964,0
67.86552848288153,0.3938006089996365,28.87617299053658,44.27194361871685,64.11981040121306,1392.1754593702042,219.3150225527877,0
73.10907565598005,0.3753718947150471,24.149434869703203,33.53772690156197,85.89904576069932,1390.3462410149846,217.40301814086936,0
84.75356216949552,0.38890457616794905,20.9900978120999,57.75310892609512,79.25508924365046,1666.6667823560615,218.2954606132696,0
78.5765962320202,0.3725225745386964,32.70731364102394,28.0636316824352,80.25353984800716,1279.0274413874959,222.1415834618762,0
68.40061470036574,0.7378033062215104,33.79577580151324,49.191541736100014,49.51066433199199,1544.1082854027734,220.3857824810886,0
69.80983792097311,0.784100849597971,27.1174479963664,50.005823180429786,88.179159780796,1743.5918304611116,217.03094295965647,0
59.97470635362191,0.38585074125010477,17.04478853927545,33.293797909233554,73.91875796850785,1397.3607270973207,219.17184294841184,0
69.8148686400761,0.33352888537915426,27.268777758737585,53.92465300064329,64.46084291130695,1356.4162218504796,220.39288514859575,0
67.11341361079862,0.5942831112772808,31.959020027012734,37.49953485401047,72.15082701013377,1453.8950749639498,209.35632952792594,0
73.22718560338089,0.3895553911438058,22.605442156129357,42.88693629279857,43.356471506525196,1735.945041672142,222.29084057394348,0
61.727690564476774,0.6265863635511022,30.91679959889578,42.603218387712204,76.12979217221006,1538.8215261906716,215.10139387641595,0
75.19346514241172,0.54058460417026,29.923450754135022,38.65691258529452,54.559427377268925,1393.7571410784803,214.23333798397127,0
85.32738913002578,0.1968511770005536,32.89645749800544,48.10808273159782,49.70994571234698,1596.775330237608,211.56327826444644,1
68.91239851543142,0.8095010402660123,30.597901842070765,47.93488720552213,47.16461220673163,1279.5415700327153,211.03053751066054,1
74.01711722098942,0.8591755346191043,25.13465529559222,22.514680267618193,86.69032562484888,1636.2719020885895,213.22276248443856,1
76.90143991711112,0.37744226190312274,35.982857508322454,53.043402428781526,60.561049094608165,1581.7214615403536,216.45489521184754,0
65.98779528114164,0.42245968801280315,29.20735213486515,23.375080119643258,93.00591564874749,1438.4383057722232,229.76629568763283,0
72.24092481810416,0.557173078144981,29.86347730245034,50.32546204341657,61.96297805421553,1332.2828403105539,217.37060162052398,0
70.12592400781794,0.566891357997405,25.333660204634022,51.26705136827583,44.3896306361058,1322.6638155433086,220.88875053134015,0
70.97676098548831,0.6317088545345662,27.783588744042447,29.09033569784802,53.25213340077011,1606.963467269182,222.00240693253164,0
62.26990216144534,0.90204090775327,25.575986429865495,35.891857120454155,88.53717430010408,1745.7961004978124,220.65532593107923,1
70.24510174258943,0.4646105545011901,29.135269700382885,28.94295331514064,67.66152733095,1372.538450594241,219.61278269637003,0
74.9799829124545,0.3403405510923092,38.558542400711715,37.850789697112646,61.77569055264099,1591.677340710297,214.02353118200378,0
84.51143607795042,0.22413615439709456,23.140494285343216,36.919657158142584,72.40027338779181,1082.5945962795863,227.25463774139607,0
79.59270826085206,0.3538139920116162,21.932193010616295,47.796605322693395,77.52674104251318,1383.07645386856,229.03598321818941,0
91.53182457511556,0.4933746054252406,37.35585163746804,53.10308746119608,86.76098223853691,1493.7882134258195,211.58670652938656,1
62.326524371119504,0.8589115727035576,28.95338161424067,53.95683810789956,91.7274884483939,1318.0633166036332,214.87985704556812,1
78.72320636720679,0.3964777401927657,26.654636306700418,34.37831973421698,64.60347031316371,1312.6987250420807,218.60094828811498,0
71.83342005738352,0.5447575903277797,35.199523436980385,37.90778126255472,50.10928470876942,1366.4440887062228,215.17731102544906,0
91.89802933217672,0.4967154207854496,26.97192230131568,23.165618077790498,63.79802258315086,1558.4385456652747,222.52982776727933,1
61.91701714644849,0.7376786546896168,39.13004856773468,31.94129933503811,73.9042075987433,1462.534196318725,216.35863898796694,0
61.602781578192236,1.0053864851747245,33.38962935669635,49.64851633097457,55.54361610684084,1052.3537533350056,230.82528033903301,1
64.00607354555977,0.39382624541593586,27.560442959271487,56.15582823548232,55.642736276574354,1075.859969472987,225.95274297171798,0
48.76104275690193,0.40211211149635556,40.786541066327516,27.65651128120078,75.15681822324828,1378.6269644285649,221.06287015316107,0
64.74244978319238,0.7088321754138144,26.97142538498331,34.075357408471056,69.27021472644323,1591.5373172107104,225.13493131659865,0
62.40867338446302,0.6363782979252623,33.71047686004653,39.73594243041073,70.4919549311738,950.4990314549531,225.52950212178655,0
71.50393786476208,0.8693414651472067,31.49646290203246,42.80161158819607,58.62256997949896,1400.053964769674,217.18026255970878,1
73.4175597577716,0.6167856370651927,36.50870644699399,31.90396480078354,66.54398928691349,1394.7504286965159,215.9189137772902,0
88.76170839215887,0.4281415818425881,37.807555983634266,44.24061044464089,56.136502835975435,1777.6675556416894,220.39071531484825,1
79.5042383818605,0.6181309661384619,30.160020745328833,35.26160652929084,83.3529761668718,1422.9956376574273,224.30818062248972,0
64.23096344337597,0.7217407161165815,26.232910648269083,39.855477291217206,85.52874002085629,1576.5977969481858,220.6953019932671,0
61.01585328651642,0.6640964362394728,32.29986071469558,45.462842480037,42.307182066428595,1528.2514280174926,212.115017589045,0
74.91919171506505,0.6014548062214595,26.61142315123947,40.064222698109376,56.05733709711385,1073.8867040385599,215.9858777802458,0
56.797667929793576,0.7133349379178308,40.066936237633115,35.63614109473431,47.55206117364881,1653.6414433263474,219.6301356820281,0
88.31458765854353,0.7338591180891345,30.682676655413687,38.90390196074169,60.249640983896526,1543.0793010912575,219.62167197837084,1
81.79440120721287,0.7764317982075055,28.173392243439455,39.11637040794665,68.74843045314459,1601.653727934918,229.86271088394903,0
65.30824347895295,0.6297419775179285,30.923401529324543,36.29988970117872,48.255321704522046,2285.2475412872654,213.070060288005,1
52.868654709091224,0.46657638393662915,23.264368552351517,37.41203937332897,56.1721028031203,1083.1774121002823,222.52794620917936,0
83.53872374165412,0.5293427372866646,25.141929807446743,55.986471705047165,54.94063941877752,1844.9393299522217,227.44556554164146,1
68.85460154747382,0.7413017933016713,36.00206953972213,45.60919447941239,73.10900994098417,1442.5104961199288,231.35724872711398,0
82.37816311973462,0.3366128658025528,26.71552860514302,37.045196819708394,71.04016505554375,1557.4657808806019,217.9780128840802,0
54.05572341205633,0.5737346617745802,24.7654450865903,46.969544045107355,59.1739366999412,1490.8975509397515,222.457147263601,0
64.00624977046228,0.42133223753452786,32.68326376263643,36.6618051024399,72.65231308209097,1415.1527333203912,222.84880178599323,0
70.05243699718183,0.5057489645869635,35.928520773314986,51.73124637586641,61.79979873119102,1386.0334143522482,220.97740865776646,0
70.46980593764742,0.7556903725214598,33.594766553325336,43.69642192198094,65.9251733451092,1565.901747114602,219.50577399380347,0
65.49934528520757,0.5382198136039806,34.98023842902908,38.92697855995771,95.10178135447805,1196.5652606656643,222.17987694750022,0
76.22849932347499,0.5092873096312298,26.216024557152696,44.477169258102776,90.10691577685522,1650.115833504353,207.33876957390157,0
59.32379570617405,0.22802877180401615,22.89094666629078,24.291238479315005,50.506281446086035,1416.7611190229493,223.41034745031317,0
68.57620514978707,0.6492507132054441,37.506668259777435,28.73232531090195,82.44598626818762,1273.9861321919284,220.63088951830983,0
71.20295631711899,0.6290968362282151,28.38660080578932,28.060749936009444,82.17094831737388,1409.9974284008372,218.88762551610867,0
75.14438834058748,0.932650944661092,28.745834917724764,41.429430947637066,52.776050668710724,1751.4298433725146,230.2343109785978,1
77.11614878088889,0.4384443530093998,36.64097070924529,57.32514999485092,82.2816646563229,1392.9329825967554,216.62532990604723,0
58.75357908162131,0.5438300655327878,32.7811500470033,62.31300146192632,93.06897877618829,1571.690723641924,217.98462005467485,0
54.65885829264378,0.5498767367421511,32.279438860408035,46.380511014407574,53.16182790633379,1353.8087448569054,229.95776651102366,0
82.7767682189851,0.8154906559526949,40.825011724505416,45.00844474944457,56.237457684786044,1651.584369984724,215.83969347575072,1
73.32314011979592,0.4809408935226096,26.782408848099287,21.98942265847261,85.26492200265254,1637.1015477580409,217.24942358531732,0
62.51513463443446,0.5558043051540679,34.63920064040619,34.57326200265978,74.07242966238472,1869.7217666592824,219.26487288284574,1
85.51151975522524,0.6215793019433078,30.285065624485423,32.12216248091761,78.27214412859286,1464.8872109001568,224.20367241064775,1
71.15674634292859,0.5373218246312716,31.342961394316283,33.79152401748884,75.10883824600745,1633.7309609515814,221.03901253676656,0
81.79297184063826,0.41071327708989436,37.64234213206266,38.318561814152105,75.86043881392216,1519.613507907789,213.5368732642387,0
70.67518481410109,0.5388179985796615,32.53917878144812,35.27909422302873,50.102918075333754,1759.174356372603,217.33915718436404,0
90.60747924881987,0.7147263499719544,32.69148039524816,20.207001896242122,85.70976559932173,1356.233522478254,216.96322783393893,1
87.55340842443204,0.2946969401177879,35.362536686549014,47.47910256117534,87.54384988641661,1649.0010625754562,219.61389477388477,1
67.51035851520926,0.5265939348293752,28.175236352285573,29.272569742601934,66.55913883897958,1461.0605407766636,222.12921829314914,0
79.71570950954356,0.35997583701216535,25.803951663304968,42.39246864111149,69.34784575279207,1487.1623645783004,222.09102877943985,0
76.45375949585147,0.7390093257849685,24.775954029894834,60.740826697499735,47.03338746166417,1518.3504968896746,211.11994122975798,0
83.68631557532349,0.19536261904324503,20.16821705311999,30.806154084135766,77.71382134026753,1550.4480792853356,225.3197049378043,0
60.35076539419896,0.3882156305456823,40.28103564970161,14.697124772536704,78.58086162571216,1476.7541913756083,221.26284422998313,0
76.8605145999844,0.5754423750129042,24.483958171391585,37.139957781198895,69.06713474501034,1542.9426366341054,226.92266023796952,0
80.58424486849587,0.8131048058468682,28.89373188207114,51.00959634998571,86.86530039805754,1815.623611512437,222.22099163645336,1
52.41260513576886,0.4868499477854024,28.615933500555396,59.583474542205934,64.98884153530089,1697.0899371230437,225.5066147886788,0
58.16741487334225,0.38896009466136033,31.537033489045506,27.70450405547583,78.469088888404,1673.8309184993793,222.33272655725062,0
49.607678222398995,0.876231413888118,34.078686062696484,44.966992232365214,54.705034919618264,1408.8920947952258,226.73112878101375,1
67.30593165555442,0.2103972199167512,34.30236744179873,35.34689543219947,69.64671773688643,1322.151834354335,222.61125318008888,0
77.17542255795962,0.06023880867598358,27.08461280715531,38.94051645695864,67.38468613145746,1691.0601116475505,219.51042376778548,0
85.02357052096028,0.5880028900106665,29.164391431067944,66.44343347017035,73.37961883061412,1675.2093585059588,231.3621736022344,1
70.74094780419775,0.3995891551294778,31.412899752441497,24.970296716048466,64.45709606749962,1794.5341351501963,224.44518561139947,0
86.28615545571292,0.29575343657385733,28.756544369082263,42.537396614945735,68.02791106492498,1379.203874806154,222.86872210502207,1
56.198985417851084,0.6416712894598706,38.03672788009996,44.676931717654334,82.3907075716226,1454.0902689279305,213.61847791730833,0
52.96617560644845,0.5487601427542398,32.45487475819126,50.857863249393475,63.44853644142674,1172.1031674949131,213.5584619126823,0
69.44452301103381,0.3871842738526543,33.67438893024909,40.97983153470896,45.90134348891981,1421.5057787878254,221.46357741070926,0
73.84065448939307,0.2439391202658211,33.31440634333706,43.08050539504102,96.24375856308131,1699.3141021158895,220.7276059888412,0
69.67305251905907,0.6744914656560289,35.86736928742663,36.08351432578209,90.72181118035729,1406.7009241543603,216.9293871749584,0
49.325578999601234,0.6300402355917322,30.905107793518535,42.69126941245107,50.616059573415725,1628.0959590401649,220.7049134980603,0
69.10879960487212,0.4801648272441234,23.515840260220767,36.5680772450259,80.34561707867792,1461.8993788004377,227.94313464021798,0
56.95530499495147,0.8693273992095332,31.998439758763208,46.21571889856051,62.455378441729856,1564.8114056443121,223.4770123727515,1
76.69672548830039,0.2859830467347695,26.743215531040853,36.30389663956366,73.9523082299659,1270.4617220368666,214.29495745123631,0
73.66598246096848,0.19489496581505222,27.356916591251217,43.77100393902187,74.4133619352024,1517.0418899267802,219.44245586428528,0
60.60120213672645,0.36161838602375107,32.931820093775464,39.707371863150215,66.48388299525517,901.7728058198553,215.9751675957372,0
64.86133082663306,0.49088279672890045,36.19141535716818,51.26050250772168,58.24351501620406,1462.620768367603,218.0615004179572,0
59.40786478111048,0.5486678898645384,30.106357883680307,39.48606276411514,59.64188421525611,1173.905351256972,217.9319216718518,0
69.37320902726829,0.451752788428734,31.544165062994818,22.269675317931185,56.257121267781365,1741.1989033093632,217.61177208697998,0
79.55142320501238,0.5704110793028594,38.51107472317619,52.619215007139914,57.522666876543326,1655.4814705529022,213.72432314013304,0
60.14273953664456,0.2496921151619112,31.203765897442842,30.94267699137381,68.99232564925967,1593.3341963932162,219.36172659240904,0
75.04046515517844,0.788752920814652,43.008415570901974,33.4623366135118,59.26360016333872,1804.201245431876,217.19696181576344,1
64.69742381627559,0.48356976432148624,32.827548228157724,34.04338705956508,80.2307809856893,1310.2166958350326,205.35275654998867,0
62.07127167737656,0.7234591663176255,21.19618620422091,53.74438093170817,92.30869233003891,1849.4726395831117,230.2648601225083,1
68.92969640045442,0.5685450692755408,33.76670810552266,18.643257860213044,61.29920137944936,1686.438312852077,225.44384827108337,0
59.64757677580626,0.5913506438307568,31.90579192441389,71.37748533659993,73.59106750803066,1452.6889425562108,218.11849637537503,0
64.46350694652818,0.6139534560464408,36.44876377041373,50.56056809066052,77.495276654544,1727.124029436589,220.09409524870298,0
58.021221074111516,0.589541712003463,33.365906756349794,42.2323891412916,77.08003406378911,1278.741297517673,214.1417282634122,0
89.6472513291639,0.6285445519735088,29.307720080081133,39.451059993837134,71.13932901874131,1335.0971676944653,228.47861438905431,1
70.35263551971728,0.7658305060264863,23.878508818553172,42.85554074857657,81.14023627539584,1378.2820553520598,229.48644347386556,0
63.00274492007414,0.539304233940294,28.954883713569874,45.211224283793385,77.23373429020985,1394.204458387197,220.78346864123262,0
72.13979910734221,0.6418007515177024,25.7473977289535,46.45215585950057,51.43506366509053,1288.6884714479495,225.1176532209267,0
68.8767195030917,0.48205286114255463,27.097382750976386,45.55604466003449,83.03734096583909,1744.616613419065,220.87643389466962,0
67.79030400466777,0.7880234430898946,32.942892022103045,40.895806812552486,83.30936255900113,1448.2291199260337,213.31637280562035,0
76.14166700043425,0.364721539588146,38.34952252175703,38.02661579692674,58.550708437321276,1570.500993671376,217.94088315518172,0
77.57507710047305,0.8601880865821632,31.973357649114906,38.487267163464885,70.56906753171403,1385.929726717264,220.65963983385979,1
64.69498852389472,0.49196840987113133,24.020584689824076,38.05091719647319,80.24993489216604,1135.8793398902967,217.7272614062828,0
64.2418175935532,0.21384497957639037,32.2230133411007,51.337700968670646,66.86029270630958,1554.0114716782844,218.9067336128248,0
67.24948302848355,0.5256208829821578,35.98315743322826,45.935567222808615,86.09467071649019,1117.5490049160446,219.54300221245444,0
46.980788352644154,0.3637896685050238,26.95108547840309,10.596113653357197,105.45808741929042,1486.2731907829063,219.5956075106727,0
54.84808937801448,0.6681287097977449,29.32991416663541,46.55900776529761,58.210209510475266,1226.336992233438,220.26129245248742,0
83.66874267444524,0.36947520413952184,30.073440973645987,41.94736194718775,49.28433095269338,1897.4551998461616,214.696974668017,1
86.44967713501283,0.4107633133570441,26.075508434588798,39.81291243554102,74.55727893407314,1682.2725444349444,216.4149192543603,1
67.50963960443622,0.12209185381089377,33.2414021692193,36.11481546911114,80.82343757689215,1521.150758254296,213.57707867150015,0
75.76556963055766,0.40953873615018466,29.395259256961094,51.24112719986013,66.53700439232847,1752.7413355309336,224.889077748431,0
73.11250154543536,0.015224134674208634,32.09766221953514,49.475264621228575,91.79890994981551,1330.7368045068529,209.47176529079837,0
100.78880808455239,0.18321943530285534,25.562539110989498,32.27122332176391,49.92091300415127,1608.6958757340185,225.76795171658463,1
81.19574911434577,0.6520829312288595,27.812708498382946,44.07052287124535,80.39377934547417,1539.9620867437427,226.9317469863142,0
68.72082408519233,0.6571600317301665,33.61190678913886,30.283432654587138,60.9120876886166,1552.804016266734,218.4890970650869,0
60.44459559399574,0.585091512356993,28.135834239541165,26.203818352110694,95.79066859310944,1754.4707000213537,206.9843145608635,0
53.93553679742428,0.3066047713741574,38.63481925616703,33.73282775410035,99.88773029752177,1646.4984205559604,218.19344719016354,0
72.03463635867223,0.49045772877160404,28.001819071926988,48.62393472382759,58.500151183249784,1557.7447325650046,219.6790791935559,0
62.436492547156966,0.49927949218188633,31.12342362875943,49.53125045376087,61.7566429613713,1169.0225127543408,214.94700890035543,0
55.77746290402326,0.26832706216149144,34.66295415936545,45.130854200972934,82.89381830469702,1307.9907409441073,217.42390803095878,0
63.534271157574736,0.8006796603534301,22.908171335334842,47.25095786847997,64.19304025315728,1475.4582132808553,227.65097599431675,1
59.18451996385605,0.6754724581151343,21.19595594009612,45.16178287114958,69.31883173101643,1518.6744748553303,223.3246358115087,0
86.87141635072564,0.4558071652340672,22.371718427149524,33.585184047770476,70.38082630813615,1273.9592550652153,215.3771794281095,1
78.81639756949451,0.5053771677989062,36.31292051713591,44.31922544673941,41.204902657035156,1982.3353351156843,212.01200415202283,1
69.92027358683383,0.5416765615895105,27.240709270537767,48.00409525227683,69.79243380858644,1803.2788110507145,218.36491341195114,1
84.79944138890026,0.09165302631514183,42.79099642834126,47.542913298135744,59.654083389037396,1620.4236640784966,218.9327161032478,0
70.77368307647619,0.4505645234958806,27.178762006713058,51.88913371474643,62.60315766400342,1514.4073722567489,222.48099593681658,0
61.38715798671736,0.3636031504004403,30.922756515985185,47.083038472010635,91.65448005203221,1457.5582060197696,217.3234164371617,0
85.23124077269657,0.29967599802101685,37.71054976283938,43.51448207541583,51.152396585811154,1309.616307995553,222.5574978768093,1
75.38910043684659,0.443779941422809,40.03046444079561,50.701502383164275,82.19807780121965,1515.4961037037724,229.67577020030114,0
59.62753845673544,0.8595373053699045,40.30751788318199,39.7347874075094,65.81555604502287,1551.5505080285502,224.0775051122213,1
68.09661321916391,0.628168572253402,36.04183115296571,31.18125348772282,65.80359747256249,1251.647884903675,219.75955746334614,0
61.24381746615243,0.38576420204344064,35.12031262905731,38.36933036056236,81.85557844077567,1566.8352834489795,219.08424764473352,0
56.172002690356635,0.6145165562712317,32.96263474600592,32.55097355193551,75.10076941853336,1468.9481902350503,218.21663432910066,0
